{
    "id": "osmium",
    "source": "modded",
    "localizedName": "Osmium",
    "processedTypes": [
        "storage_block",
        "ingot",
        "ore",
        "raw",
        "nugget",
        "dust",
        "plate",
        "gear",
        "rod",
        "slurry",
        "crystal",
        "shard",
        "clump",
        "dirty_dust"
        ],
    "disableDefaultOre": true,
    "properties": {
        "materialType": "metal",
        "harvestLevel": 2
    },
    "colors": {
        "materialColor": "c3e4eb"
    }   
}